From	To	Reaction Type	Controller	Control Type	Cell Type	PubMed Id	Genes	Drugs	Diseases
acetaminophen	acetaminophen-glucuronide	Biochemical Reaction	UGT1A1,UGT1A6,UGT1A9,UGT2B15	Catalysis	hepatocyte	23462933,23408116,16696573,11714888,6343056	"UGT1A1","UGT2B15","UGT1A9","UGT1A6"	acetaminophen	
acetaminophen	acetaminophen-sulfate	Biochemical Reaction	SULT1A1,SULT1A3,SULT1A4,SULT1E1,SULT2A1	Catalysis	hepatocyte	23462933,21108564	"SULT1A1","SULT1E1","SULT1A4","SULT1A3","SULT2A1"	acetaminophen	
acetaminophen	N-acetyl-p-benzoquinone imine	Biochemical Reaction	CYP1A2,CYP2A6,CYP2D6,CYP2E1	Catalysis	hepatocyte	23462933,19219744,11866476	"CYP2A6","CYP2D6","CYP1A2","CYP2E1"	acetaminophen	
acetaminophen-glutathione	acetaminophen-cysteine	Biochemical Reaction			hepatocyte	22175791,22022436			
acetylcysteine	glutathione	Biochemical Reaction			hepatocyte	22998987,11215692,3059186,7469630		acetylcysteine	
N-acetyl-p-benzoquinone imine	acetaminophen-glutathione	Biochemical Reaction	GSTM1,GSTP1,GSTT1	Catalysis	hepatocyte	22998987,12630972,3395122,3965363	"GSTM1","GSTP1","GSTT1"		
acetaminophen-glucuronide	acetaminophen-glucuronide	Transport	ABCC2,ABCC3,ABCG2	Catalysis	hepatocyte	23462933,17627974	"ABCC3","ABCC2","ABCG2"		
acetaminophen-sulfate	acetaminophen-sulfate	Transport	ABCC2,ABCC3,ABCC4,ABCG2	Catalysis	hepatocyte	23462933,17627974	"ABCC3","ABCC4","ABCC2","ABCG2"		
