From	To	Reaction Type	Controller	Control Type	Cell Type	PubMed Id	Genes	Drugs	Diseases
ARAF	ARAF	Biochemical Reaction	HRAS,KRAS,MRAS,NRAS,RRAS	Activation	cell	22083257	"NRAS","MRAS","RRAS","ARAF","KRAS","HRAS"		
BRAF	BRAF	Biochemical Reaction	HRAS,KRAS,MRAS,NRAS,RRAS,vemurafenib	Activation,Inhibition	cell	22083257,22028422	"NRAS","MRAS","RRAS","BRAF","KRAS","HRAS"	vemurafenib	
MAPK1,MAPK3	MAPK1,MAPK3	Biochemical Reaction	MAP2K1,MAP2K2	Activation	cell	11294822	"MAP2K1","MAP2K2","MAPK1","MAPK3"		
Complex: GRB2-SOS(GRB2, SOS1, SOS2)	Complex: GRB2-SOS(GRB2, SOS1, SOS2)	Biochemical Reaction	EGFR,FGFR1,FGFR2,FGFR3,FGFR4,FGFR6,FLT1,FLT4,KDR,PDGFRA,PDGFRB	Activation	cell	11294822	"PDGFRB","PDGFRA","FLT1","FLT4","EGFR","FGFR6","KDR","GRB2","SOS1","FGFR4","SOS2","FGFR3","FGFR2","FGFR1"		
MAP2K1,MAP2K2	MAP2K1,MAP2K2	Biochemical Reaction	ARAF,BRAF,RAF1	Activation	cell	22083257	"MAP2K1","MAP2K2","ARAF","BRAF","RAF1"		
RAF1	RAF1	Biochemical Reaction	HRAS,KRAS,MRAS,NRAS,RRAS	Activation	cell	22083257	"NRAS","MRAS","RRAS","KRAS","RAF1","HRAS"		
HRAS,KRAS,MRAS,NRAS,RRAS	HRAS,KRAS,MRAS,NRAS,RRAS	Biochemical Reaction	Complex: GRB2-SOS(GRB2, SOS1, SOS2)	Activation	cell	11294822	"NRAS","MRAS","RRAS","KRAS","GRB2","SOS1","HRAS","SOS2"		
ETS1,JUN,MYC	ETS1,JUN,MYC	Biochemical Reaction	MAPK1,MAPK3	Activation	cell	16854453	"JUN","MYC","MAPK1","ETS1","MAPK3"		
EGF,FGF1,FGF2,FGF3,FGF4,FGF5,FGF6,FGF7,PDGFA,PDGFB,PDGFC,PDGFD,VEGFA,VEGFB	EGFR,FGFR1,FGFR2,FGFR3,FGFR4,FGFR6,FLT1,FLT4,KDR,PDGFRA,PDGFRB	Complex Assembly			cell	11294822	"FLT1","FLT4","PDGFB","PDGFA","FGF1","FGF2","FGF3","EGFR","FGF4","FGF5","FGF6","FGF7","PDGFD","PDGFC","KDR","PDGFRB","PDGFRA","EGF","VEGFB","VEGFA","FGFR6","FGFR4","FGFR3","FGFR2","FGFR1"		
