From	To	Reaction Type	Controller	Control Type	Cell Type	PubMed Id	Genes	Drugs	Diseases
methotrexate	methotrexate	Transport	SLC22A6,SLC22A8	Catalysis	glomerular endothelial cell	20460822	"SLC22A6","SLC22A8"	methotrexate	
methotrexate	methotrexate	Transport	SLC19A1,SLCO1B1,SLCO1B3	Catalysis	hepatocyte	20448812,19901119,19538530	"SLCO1B1","SLCO1B3","SLC19A1"	methotrexate	
methotrexate	methotrexate	Transport	ABCC1,ABCC3	Catalysis	enterocyte	11585759,10363967	"ABCC3","ABCC1"	methotrexate	
methotrexate	methotrexate	Transport	ABCB1,ABCC2	Catalysis	hepatocyte	20233511,10363967,8598312	"ABCB1","ABCC2"	methotrexate	
methotrexate	methotrexate	Transport	FOLR1,SLC19A1,SLC46A1,SLCO1A2	Catalysis	enterocyte	19538530,19403800,19093297,16702441	"SLC46A1","SLCO1A2","FOLR1","SLC19A1"	methotrexate	
methotrexate	methotrexate	Transport	ABCC2,SLC22A6,ABCG2	Catalysis	glomerular endothelial cell	12874005,12208758,12036927,10363967	"SLC22A6","ABCC2","ABCG2"	methotrexate	
methotrexate	methotrexate	Transport	ABCB1,ABCC2,ABCG2	Catalysis	enterocyte	20233511,12874005,12208758,10363967,8598312	"ABCB1","ABCC2","ABCG2"	methotrexate	
methotrexate	methotrexate	Transport	ABCC3,ABCC3	Catalysis	hepatocyte	12036927,11585759	ABCC3	methotrexate	
